iter	Logloss
0	0.494669014
1	0.368389657
2	0.2830749212
3	0.2220640159
4	0.1761874281
5	0.1423188784
6	0.1161835566
7	0.09549236245
8	0.07934518506
9	0.06680759996
